{"cameraMode":{"drawMode":0,"name":"Shaded","section":"Shading Mode"},"sceneLighting":false,"audioPlay":false,"sceneViewState":{"showFog":true,"showMaterialUpdate":false,"showSkybox":false,"showFlares":true,"showImageEffects":true,"showParticleSystems":true,"showVisualEffectGraphs":true,"m_FxEnabled":true},"in2DMode":false,"pivot":{"x":0.19627322256565095,"y":0.004544809460639954,"z":0.18280595541000367},"rotation":{"x":-0.04843767359852791,"y":-0.9478411078453064,"z":0.1754169464111328,"w":-0.2617175579071045},"size":0.27107924222946169,"orthographic":false}