{"cameraMode":{"drawMode":0,"name":"Shaded","section":"Shading Mode"},"sceneLighting":true,"audioPlay":false,"sceneViewState":{"showFog":true,"showMaterialUpdate":false,"showSkybox":true,"showFlares":true,"showImageEffects":true,"showParticleSystems":true,"showVisualEffectGraphs":true,"m_FxEnabled":true},"in2DMode":false,"pivot":{"x":0.2021099030971527,"y":-0.3088010549545288,"z":-1.2827532291412354},"rotation":{"x":-0.06628505140542984,"y":-0.8988357186317444,"z":0.4078809916973114,"w":-0.14606992900371552},"size":1.3198328018188477,"orthographic":false}