{"cameraMode":{"drawMode":0,"name":"Shaded","section":"Shading Mode"},"sceneLighting":false,"audioPlay":false,"sceneViewState":{"showFog":true,"showMaterialUpdate":false,"showSkybox":false,"showFlares":true,"showImageEffects":true,"showParticleSystems":true,"showVisualEffectGraphs":true,"m_FxEnabled":true},"in2DMode":false,"pivot":{"x":0.011820908635854721,"y":0.01927104964852333,"z":0.011676480993628502},"rotation":{"x":0.04729648306965828,"y":-0.9520094990730286,"z":0.1942800134420395,"w":0.23175279796123506},"size":0.31731921434402468,"orthographic":false}