{"cameraMode":{"drawMode":0,"name":"Shaded","section":"Shading Mode"},"sceneLighting":false,"audioPlay":false,"sceneViewState":{"showFog":true,"showMaterialUpdate":false,"showSkybox":false,"showFlares":true,"showImageEffects":true,"showParticleSystems":true,"showVisualEffectGraphs":true,"m_FxEnabled":true},"in2DMode":false,"pivot":{"x":-0.07449853420257569,"y":0.6913436651229858,"z":-0.09701794385910034},"rotation":{"x":0.07982990890741348,"y":-0.8447384238243103,"z":0.13156059384346009,"w":0.5125802159309387},"size":0.600000262260437,"orthographic":false}