{"cameraMode":{"drawMode":0,"name":"Shaded","section":"Shading Mode"},"sceneLighting":false,"audioPlay":false,"sceneViewState":{"showFog":true,"showMaterialUpdate":false,"showSkybox":false,"showFlares":true,"showImageEffects":true,"showParticleSystems":true,"showVisualEffectGraphs":true,"m_FxEnabled":true},"in2DMode":false,"pivot":{"x":-0.006000429391860962,"y":-0.01665675640106201,"z":-0.003819771111011505},"rotation":{"x":-0.1945258378982544,"y":0.7935668230056763,"z":-0.32342079281806948,"w":-0.4773077070713043},"size":0.2176150381565094,"orthographic":false}