{"cameraMode":{"drawMode":0,"name":"Shaded","section":"Shading Mode"},"sceneLighting":true,"audioPlay":false,"sceneViewState":{"showFog":true,"showMaterialUpdate":false,"showSkybox":true,"showFlares":true,"showImageEffects":true,"showParticleSystems":true,"showVisualEffectGraphs":true,"m_FxEnabled":true},"in2DMode":false,"pivot":{"x":269.2710266113281,"y":212.32086181640626,"z":-11.257450103759766},"rotation":{"x":0.28743645548820498,"y":0.07604318112134934,"z":-0.022899454459547998,"w":0.9545019268989563},"size":47.83300018310547,"orthographic":false}