{"cameraMode":{"drawMode":0,"name":"Shaded","section":"Shading Mode"},"sceneLighting":true,"audioPlay":false,"sceneViewState":{"showFog":true,"showMaterialUpdate":false,"showSkybox":true,"showFlares":true,"showImageEffects":true,"showParticleSystems":true,"showVisualEffectGraphs":true,"m_FxEnabled":true},"in2DMode":false,"pivot":{"x":309.56793212890627,"y":109.715087890625,"z":-30.201534271240236},"rotation":{"x":0.055471766740083697,"y":0.0017932148184627295,"z":-0.00009945235069608316,"w":0.9984639883041382},"size":662.5186157226563,"orthographic":false}