{"cameraMode":{"drawMode":0,"name":"Shaded","section":"Shading Mode"},"sceneLighting":true,"audioPlay":false,"sceneViewState":{"showFog":true,"showMaterialUpdate":false,"showSkybox":true,"showFlares":true,"showImageEffects":true,"showParticleSystems":true,"showVisualEffectGraphs":true,"m_FxEnabled":true},"in2DMode":false,"pivot":{"x":-0.37036293745040896,"y":-0.06906521320343018,"z":0.12725943326950074},"rotation":{"x":0.4861953854560852,"y":-0.22641047835350038,"z":0.1320561021566391,"w":0.8336232900619507},"size":0.9851216673851013,"orthographic":false}