{"cameraMode":{"drawMode":0,"name":"Shaded","section":"Shading Mode"},"sceneLighting":true,"audioPlay":false,"sceneViewState":{"showFog":true,"showMaterialUpdate":false,"showSkybox":true,"showFlares":true,"showImageEffects":true,"showParticleSystems":true,"showVisualEffectGraphs":true,"m_FxEnabled":true},"in2DMode":false,"pivot":{"x":-0.4300917983055115,"y":0.4896843433380127,"z":-0.19573095440864564},"rotation":{"x":-0.19261127710342408,"y":0.7952489852905273,"z":-0.3213277757167816,"w":-0.47669658064842226},"size":0.611188530921936,"orthographic":false}