{"cameraMode":{"drawMode":0,"name":"Shaded","section":"Shading Mode"},"sceneLighting":true,"audioPlay":false,"sceneViewState":{"showFog":true,"showMaterialUpdate":false,"showSkybox":true,"showFlares":true,"showImageEffects":true,"showParticleSystems":true,"showVisualEffectGraphs":true,"m_FxEnabled":true},"in2DMode":false,"pivot":{"x":0.16548454761505128,"y":0.899104118347168,"z":0.015776321291923524},"rotation":{"x":0.28743645548820498,"y":0.07604318112134934,"z":-0.022899454459547998,"w":0.9545019268989563},"size":0.44631707668304446,"orthographic":false}