{"cameraMode":{"drawMode":0,"name":"Shaded","section":"Shading Mode"},"sceneLighting":false,"audioPlay":false,"sceneViewState":{"showFog":true,"showMaterialUpdate":false,"showSkybox":false,"showFlares":true,"showImageEffects":true,"showParticleSystems":true,"showVisualEffectGraphs":true,"m_FxEnabled":true},"in2DMode":false,"pivot":{"x":-0.013759779743850232,"y":0.2739613652229309,"z":0.0003941059112548828},"rotation":{"x":-0.05181913450360298,"y":0.9216203093528748,"z":-0.13222713768482209,"w":-0.36117854714393618},"size":1.8227581977844239,"orthographic":true}