{"cameraMode":{"drawMode":0,"name":"Shaded","section":"Shading Mode"},"sceneLighting":false,"audioPlay":false,"sceneViewState":{"showFog":true,"showMaterialUpdate":false,"showSkybox":false,"showFlares":true,"showImageEffects":true,"showParticleSystems":true,"showVisualEffectGraphs":true,"m_FxEnabled":true},"in2DMode":false,"pivot":{"x":0.1146617978811264,"y":-0.1091645359992981,"z":0.014601556584239006},"rotation":{"x":0.19803385436534882,"y":0.7162824273109436,"z":-0.22510789334774018,"w":0.6301308870315552},"size":0.17498821020126344,"orthographic":false}