{"cameraMode":{"drawMode":0,"name":"Shaded","section":"Shading Mode"},"sceneLighting":false,"audioPlay":false,"sceneViewState":{"showFog":true,"showMaterialUpdate":false,"showSkybox":false,"showFlares":true,"showImageEffects":true,"showParticleSystems":true,"showVisualEffectGraphs":true,"m_FxEnabled":true},"in2DMode":false,"pivot":{"x":-0.19305408000946046,"y":0.15852580964565278,"z":0.06537795066833496},"rotation":{"x":0.03554154932498932,"y":-0.9551190733909607,"z":0.12827077507972718,"w":0.2646416425704956},"size":0.3227158188819885,"orthographic":false}