{"cameraMode":{"drawMode":0,"name":"Shaded","section":"Shading Mode"},"sceneLighting":false,"audioPlay":false,"sceneViewState":{"showFog":true,"showMaterialUpdate":false,"showSkybox":false,"showFlares":true,"showImageEffects":true,"showParticleSystems":true,"showVisualEffectGraphs":true,"m_FxEnabled":true},"in2DMode":false,"pivot":{"x":-0.005655258893966675,"y":0.10308340191841126,"z":-0.10039570927619934},"rotation":{"x":0.29441961646080019,"y":0.36066704988479617,"z":-0.12112448364496231,"w":0.8766798973083496},"size":0.045155227184295657,"orthographic":false}