{"cameraMode":{"drawMode":0,"name":"Shaded","section":"Shading Mode"},"sceneLighting":false,"audioPlay":false,"sceneViewState":{"showFog":true,"showMaterialUpdate":false,"showSkybox":false,"showFlares":true,"showImageEffects":true,"showParticleSystems":true,"showVisualEffectGraphs":true,"m_FxEnabled":true},"in2DMode":false,"pivot":{"x":-0.24482034146785737,"y":0.004028823226690292,"z":0.6930670738220215},"rotation":{"x":-0.01575222797691822,"y":0.9434868693351746,"z":-0.045322250574827197,"w":-0.3279188573360443},"size":0.20251250267028809,"orthographic":false}