{"cameraMode":{"drawMode":0,"name":"Shaded","section":"Shading Mode"},"sceneLighting":false,"audioPlay":false,"sceneViewState":{"showFog":true,"showMaterialUpdate":false,"showSkybox":false,"showFlares":true,"showImageEffects":true,"showParticleSystems":true,"showVisualEffectGraphs":true,"m_FxEnabled":true},"in2DMode":false,"pivot":{"x":-0.08711068332195282,"y":0.18340803682804109,"z":0.03808888792991638},"rotation":{"x":0.1951008141040802,"y":-0.03676977753639221,"z":0.007319774478673935,"w":0.9800674319267273},"size":0.1633012890815735,"orthographic":false}