{"cameraMode":{"drawMode":0,"name":"Shaded","section":"Shading Mode"},"sceneLighting":false,"audioPlay":false,"sceneViewState":{"showFog":true,"showMaterialUpdate":false,"showSkybox":false,"showFlares":true,"showImageEffects":true,"showParticleSystems":true,"showVisualEffectGraphs":true,"m_FxEnabled":true},"in2DMode":false,"pivot":{"x":0.010436352342367173,"y":0.15494561195373536,"z":-0.053091660141944888},"rotation":{"x":0.04814942181110382,"y":0.9406222701072693,"z":-0.30027034878730776,"w":0.1508321315050125},"size":0.09453976154327393,"orthographic":false}