{"cameraMode":{"drawMode":0,"name":"Shaded","section":"Shading Mode"},"sceneLighting":false,"audioPlay":false,"sceneViewState":{"showFog":true,"showMaterialUpdate":false,"showSkybox":false,"showFlares":true,"showImageEffects":true,"showParticleSystems":true,"showVisualEffectGraphs":true,"m_FxEnabled":true},"in2DMode":false,"pivot":{"x":0.3816317617893219,"y":-0.009987235069274903,"z":-0.22015917301177979},"rotation":{"x":0.4998686909675598,"y":0.011948296800255776,"z":-0.006896139122545719,"w":0.8659956455230713},"size":0.6743408441543579,"orthographic":false}