{"cameraMode":{"drawMode":0,"name":"Shaded","section":"Shading Mode"},"sceneLighting":false,"audioPlay":false,"sceneViewState":{"showFog":true,"showMaterialUpdate":false,"showSkybox":false,"showFlares":true,"showImageEffects":true,"showParticleSystems":true,"showVisualEffectGraphs":true,"m_FxEnabled":true},"in2DMode":false,"pivot":{"x":0.09981764853000641,"y":-0.07135486602783203,"z":-0.18843308091163636},"rotation":{"x":0.10013167560100556,"y":0.8983295559883118,"z":-0.2734625041484833,"w":0.32893413305282595},"size":0.2773675322532654,"orthographic":false}