{"cameraMode":{"drawMode":0,"name":"Shaded","section":"Shading Mode"},"sceneLighting":false,"audioPlay":false,"sceneViewState":{"showFog":true,"showMaterialUpdate":false,"showSkybox":false,"showFlares":true,"showImageEffects":true,"showParticleSystems":true,"showVisualEffectGraphs":true,"m_FxEnabled":true},"in2DMode":false,"pivot":{"x":0.24991105496883393,"y":0.07686235755681992,"z":-0.11311181634664536},"rotation":{"x":-0.22846545279026032,"y":-0.3207244277000427,"z":0.08001673966646195,"w":-0.9157240390777588},"size":0.30591779947280886,"orthographic":false}