{"cameraMode":{"drawMode":0,"name":"Shaded","section":"Shading Mode"},"sceneLighting":false,"audioPlay":false,"sceneViewState":{"showFog":true,"showMaterialUpdate":false,"showSkybox":false,"showFlares":true,"showImageEffects":true,"showParticleSystems":true,"showVisualEffectGraphs":true,"m_FxEnabled":true},"in2DMode":false,"pivot":{"x":-0.2073984444141388,"y":0.17546334862709046,"z":-0.04814910516142845},"rotation":{"x":0.24276642501354218,"y":0.6860842704772949,"z":-0.2629546523094177,"w":0.6334113478660584},"size":0.03498375415802002,"orthographic":false}