{"cameraMode":{"drawMode":0,"name":"Shaded","section":"Shading Mode"},"sceneLighting":false,"audioPlay":false,"sceneViewState":{"showFog":true,"showMaterialUpdate":false,"showSkybox":false,"showFlares":true,"showImageEffects":true,"showParticleSystems":true,"showVisualEffectGraphs":true,"m_FxEnabled":true},"in2DMode":false,"pivot":{"x":-0.011534903198480606,"y":0.02241799235343933,"z":0.011436827480793},"rotation":{"x":0.06193114072084427,"y":-0.9073763489723206,"z":0.14410531520843507,"w":0.38995668292045596},"size":0.05638953670859337,"orthographic":true}